arm_id,attempt_id,battery_capacity_start,battery_status_end,battery_status_start,bench_json,benchmark,boot_id,charge_delta_uah,config,cool_timeout,cool_wait_s,device_online,energy_j,energy_j_timestamped,energy_metric_used,energy_scope,entry_temp_mC,mask,mode,perfetto_trace,policy0_khz_max,policy0_khz_mean,policy6_khz_max,policy6_khz_mean,power_w_mean,rc,rep_batch,sampler_samples,samples_are_per_rep,schema_version,suspend_detected,suspend_detected_by_device,t_end,t_start,telemetry_csv,telemetry_samples,test,threads,tokens_counted,tokens_per_joule,tps_iqr,tps_max,tps_median,tps_min,tps_n,tps_q1,tps_q3,trace_captured,trace_evicted,valid,wall_s
sweep.pp_t2_A75.b0,2ae72b04e6a94f1f8c1898d17ce31ea7,100,Discharging,Discharging,out/llama-bench/bench_json/bench_sweep.pp_t2_A75.b0.json,llama-bench,3d8291e5-728b-4b83-8098-d7c6948ce998,21000.0,pp_t2_A75,False,47.8,True,373.87,373.91,energy_j_timestamped,invocation_incl_setup,39600.0,0xC0,sweep,out/llama-bench/traces/sweep.pp_t2_A75.b0.perfetto-trace,850000.0,846842.8,850000.0,850000.0,0.819,0,0,160,True,5,False,False,1361082.35,1360626.08,out/llama-bench/telemetry/sweep.pp_t2_A75.b0.csv,159,pp,2,10240,27.386,0.266,24.3,24.13,21.171,20,23.933,24.199,True,False,True,456.27
sweep.pp_t2_A75.b1,5bd5f5fbf59e49dbb431c68c6ab36a66,92,Discharging,Discharging,out/llama-bench/bench_json/bench_sweep.pp_t2_A75.b1.json,llama-bench,3d8291e5-728b-4b83-8098-d7c6948ce998,15000.0,pp_t2_A75,False,47.8,True,350.19,347.23,energy_j_timestamped,invocation_incl_setup,40100.0,0xC0,sweep,,850000.0,850000.0,850000.0,850000.0,0.78,0,1,160,True,5,False,False,1365912.18,1365463.07,out/llama-bench/telemetry/sweep.pp_t2_A75.b1.csv,159,pp,2,10240,29.491,0.074,24.383,24.312,23.15,20,24.281,24.355,False,False,True,449.11
sweep.pp_t2_A75.b2,156d1d2e663e45dfa5b0b38722d1f858,84,Discharging,Discharging,out/llama-bench/bench_json/bench_sweep.pp_t2_A75.b2.json,llama-bench,3d8291e5-728b-4b83-8098-d7c6948ce998,24000.0,pp_t2_A75,False,47.9,True,341.56,339.11,energy_j_timestamped,invocation_incl_setup,39500.0,0xC0,sweep,,850000.0,842918.2,850000.0,850000.0,0.759,0,2,160,True,5,False,False,1371807.77,1371357.67,out/llama-bench/telemetry/sweep.pp_t2_A75.b2.csv,159,pp,2,10240,30.197,0.102,24.412,24.358,20.924,20,24.281,24.383,False,False,True,450.1
sweep.pp_t6_A55.b0,22341b58ba704e7a8f4b863cccdf557a,96,Discharging,Discharging,out/llama-bench/bench_json/bench_sweep.pp_t6_A55.b0.json,llama-bench,3d8291e5-728b-4b83-8098-d7c6948ce998,21000.0,pp_t6_A55,False,47.8,True,252.36,252.07,energy_j_timestamped,invocation_incl_setup,39600.0,0x3F,sweep,out/llama-bench/traces/sweep.pp_t6_A55.b0.perfetto-trace,850000.0,850000.0,850000.0,850000.0,0.931,0,0,144,True,5,False,False,1363657.27,1363386.19,out/llama-bench/telemetry/sweep.pp_t6_A55.b0.csv,143,pp,6,10240,40.624,3.959,44.147,42.21,35.505,20,39.439,43.398,True,False,True,271.08
sweep.pp_t6_A55.b1,17a74d73736543679edf64b30b7111d0,89,Discharging,Discharging,out/llama-bench/bench_json/bench_sweep.pp_t6_A55.b1.json,llama-bench,3d8291e5-728b-4b83-8098-d7c6948ce998,0.0,pp_t6_A55,False,47.8,True,240.4,238.73,energy_j_timestamped,invocation_incl_setup,39700.0,0x3F,sweep,,850000.0,850000.0,850000.0,850000.0,0.916,0,1,144,True,5,False,False,1367650.58,1367388.06,out/llama-bench/telemetry/sweep.pp_t6_A55.b1.csv,143,pp,6,10240,42.894,1.009,44.455,43.07,37.262,20,42.226,43.235,False,False,True,262.52
sweep.pp_t6_A55.b2,508a7a2ae01645d6b7638eee465feed9,84,Discharging,Discharging,out/llama-bench/bench_json/bench_sweep.pp_t6_A55.b2.json,llama-bench,3d8291e5-728b-4b83-8098-d7c6948ce998,7000.0,pp_t6_A55,False,47.8,True,262.69,259.29,energy_j_timestamped,invocation_incl_setup,39700.0,0x3F,sweep,,850000.0,850000.0,850000.0,850000.0,0.934,0,2,151,True,5,False,False,1371307.06,1371025.85,out/llama-bench/telemetry/sweep.pp_t6_A55.b2.csv,150,pp,6,10240,39.492,5.121,43.156,41.077,32.907,20,36.671,41.792,False,False,True,281.21
sweep.pp_t8_free.b0,60381419fdd8471cbd72f9aa4568a1e5,98,Discharging,Discharging,out/llama-bench/bench_json/bench_sweep.pp_t8_free.b0.json,llama-bench,3d8291e5-728b-4b83-8098-d7c6948ce998,54000.0,pp_t8_free,False,47.8,True,861.48,901.27,energy_j_timestamped,invocation_incl_setup,39700.0,free,sweep,out/llama-bench/traces/sweep.pp_t8_free.b0.perfetto-trace,850000.0,849164.8,850000.0,850000.0,1.57,0,0,92,True,5,False,False,1362508.21,1361959.48,out/llama-bench/telemetry/sweep.pp_t8_free.b0.csv,91,pp,8,10240,11.362,21.722,51.498,19.471,10.671,20,13.825,35.547,True,False,True,548.73
sweep.pp_t8_free.b1,d6eb300a595a426998ae0370e04030ba,90,Discharging,Discharging,out/llama-bench/bench_json/bench_sweep.pp_t8_free.b1.json,llama-bench,3d8291e5-728b-4b83-8098-d7c6948ce998,22000.0,pp_t8_free,False,47.8,True,267.0,262.45,energy_j_timestamped,invocation_incl_setup,40500.0,free,sweep,,850000.0,843641.8,850000.0,850000.0,1.076,0,1,68,True,5,False,False,1367337.61,1367089.52,out/llama-bench/telemetry/sweep.pp_t8_free.b1.csv,67,pp,8,10240,39.017,7.927,50.03,48.428,34.1,20,41.675,49.602,False,False,True,248.09
sweep.pp_t8_free.b2,733a8d90152746cfa160093c0fff1e3d,87,Discharging,Discharging,out/llama-bench/bench_json/bench_sweep.pp_t8_free.b2.json,llama-bench,3d8291e5-728b-4b83-8098-d7c6948ce998,12000.0,pp_t8_free,False,47.9,True,254.13,249.75,energy_j_timestamped,invocation_incl_setup,40500.0,free,sweep,,850000.0,843735.3,850000.0,850000.0,1.07,0,2,69,True,5,False,False,1368998.01,1368760.55,out/llama-bench/telemetry/sweep.pp_t8_free.b2.csv,68,pp,8,10240,41.001,6.324,50.624,47.384,42.074,20,43.173,49.497,False,False,True,237.46
sweep.tg_t2_A55.b0,b054dc6d709e4f0db01a56c032a155ee,96,Discharging,Discharging,out/llama-bench/bench_json/bench_sweep.tg_t2_A55.b0.json,llama-bench,3d8291e5-728b-4b83-8098-d7c6948ce998,20000.0,tg_t2_A55,False,47.8,True,392.09,392.16,energy_j_timestamped,invocation_incl_setup,40500.0,0x03,sweep,out/llama-bench/traces/sweep.tg_t2_A55.b0.perfetto-trace,850000.0,850000.0,850000.0,850000.0,0.882,0,0,230,True,5,False,False,1363333.01,1362888.68,out/llama-bench/telemetry/sweep.tg_t2_A55.b0.csv,229,tg,2,2560,6.528,0.023,5.905,5.886,5.682,20,5.871,5.894,True,False,True,444.33
sweep.tg_t2_A55.b1,9e623ae37840413192feaf33fa5c8f4c,93,Discharging,Discharging,out/llama-bench/bench_json/bench_sweep.tg_t2_A55.b1.json,llama-bench,3d8291e5-728b-4b83-8098-d7c6948ce998,25000.0,tg_t2_A55,False,47.9,True,392.42,390.71,energy_j_timestamped,invocation_incl_setup,41200.0,0x03,sweep,,850000.0,850000.0,850000.0,850000.0,0.897,0,1,225,True,5,False,False,1365412.63,1364974.99,out/llama-bench/telemetry/sweep.tg_t2_A55.b1.csv,224,tg,2,2560,6.552,0.016,5.988,5.981,5.862,20,5.969,5.984,False,False,True,437.64
sweep.tg_t2_A55.b2,1d97facb66904bccac3639c8c8289d4a,85,Discharging,Discharging,out/llama-bench/bench_json/bench_sweep.tg_t2_A55.b2.json,llama-bench,3d8291e5-728b-4b83-8098-d7c6948ce998,29000.0,tg_t2_A55,False,47.8,True,389.52,387.67,energy_j_timestamped,invocation_incl_setup,40700.0,0x03,sweep,,850000.0,850000.0,850000.0,850000.0,0.888,0,2,226,True,5,False,False,1370975.4,1370536.97,out/llama-bench/telemetry/sweep.tg_t2_A55.b2.csv,225,tg,2,2560,6.604,0.012,5.975,5.964,5.689,20,5.958,5.971,False,False,True,438.43
sweep.tg_t2_A75.b0,92a7f67bcc7f42d482ae69eb52370795,97,Discharging,Discharging,out/llama-bench/bench_json/bench_sweep.tg_t2_A75.b0.json,llama-bench,3d8291e5-728b-4b83-8098-d7c6948ce998,21000.0,tg_t2_A75,False,83.0,True,315.17,313.55,energy_j_timestamped,invocation_incl_setup,43000.0,0xC0,sweep,out/llama-bench/traces/sweep.tg_t2_A75.b0.perfetto-trace,850000.0,850000.0,850000.0,850000.0,1.354,0,0,67,True,5,False,False,1362835.64,1362602.94,out/llama-bench/telemetry/sweep.tg_t2_A75.b0.csv,66,tg,2,2560,8.165,0.207,11.567,11.456,10.463,20,11.301,11.508,True,False,True,232.7
sweep.tg_t2_A75.b1,57037a98e2b540b1b4a4a060caf6ce43,92,Discharging,Discharging,out/llama-bench/bench_json/bench_sweep.tg_t2_A75.b1.json,llama-bench,3d8291e5-728b-4b83-8098-d7c6948ce998,23000.0,tg_t2_A75,False,47.8,True,297.13,291.8,energy_j_timestamped,invocation_incl_setup,39400.0,0xC0,sweep,,850000.0,839062.5,850000.0,850000.0,1.297,0,1,65,True,5,False,False,1366191.72,1365962.64,out/llama-bench/telemetry/sweep.tg_t2_A75.b1.csv,64,tg,2,2560,8.773,0.072,11.508,11.414,11.086,20,11.39,11.462,False,False,True,229.08
sweep.tg_t2_A75.b2,61d64a425bee432f911f7fbe0a69c387,86,Discharging,Discharging,out/llama-bench/bench_json/bench_sweep.tg_t2_A75.b2.json,llama-bench,3d8291e5-728b-4b83-8098-d7c6948ce998,26000.0,tg_t2_A75,False,47.8,True,319.37,313.2,energy_j_timestamped,invocation_incl_setup,40100.0,0xC0,sweep,,850000.0,848830.8,850000.0,850000.0,1.37,0,2,66,True,5,False,False,1370197.94,1369964.89,out/llama-bench/telemetry/sweep.tg_t2_A75.b2.csv,65,tg,2,2560,8.174,0.313,11.496,11.43,10.47,20,11.156,11.469,False,False,True,233.05
sweep.tg_t2_free.b0,bed0ed7be80b463f8aa4cf8d609822a7,95,Discharging,Discharging,out/llama-bench/bench_json/bench_sweep.tg_t2_free.b0.json,llama-bench,3d8291e5-728b-4b83-8098-d7c6948ce998,23000.0,tg_t2_free,False,47.8,True,296.34,297.81,energy_j_timestamped,invocation_incl_setup,39500.0,free,sweep,out/llama-bench/traces/sweep.tg_t2_free.b0.perfetto-trace,850000.0,831946.7,850000.0,850000.0,1.248,0,0,76,True,5,False,False,1363947.96,1363710.42,out/llama-bench/telemetry/sweep.tg_t2_free.b0.csv,75,tg,2,2560,8.596,0.173,11.369,11.073,10.087,20,10.998,11.171,True,False,True,237.54
sweep.tg_t2_free.b1,02ff97501fc2407cb5abb8e614807f61,89,Discharging,Discharging,out/llama-bench/bench_json/bench_sweep.tg_t2_free.b1.json,llama-bench,3d8291e5-728b-4b83-8098-d7c6948ce998,27000.0,tg_t2_free,False,47.9,True,305.61,302.24,energy_j_timestamped,invocation_incl_setup,39700.0,free,sweep,,850000.0,820416.7,850000.0,850000.0,1.301,0,1,73,True,5,False,False,1367935.95,1367701.03,out/llama-bench/telemetry/sweep.tg_t2_free.b1.csv,72,tg,2,2560,8.47,0.155,11.27,11.161,10.586,20,11.051,11.207,False,False,True,234.92
sweep.tg_t2_free.b2,ac6293401c73444198ff03e836fac624,85,Discharging,Discharging,out/llama-bench/bench_json/bench_sweep.tg_t2_free.b2.json,llama-bench,3d8291e5-728b-4b83-8098-d7c6948ce998,29000.0,tg_t2_free,False,47.8,True,295.01,289.14,energy_j_timestamped,invocation_incl_setup,40700.0,free,sweep,,850000.0,842810.8,850000.0,850000.0,1.238,0,2,75,True,5,False,False,1370486.55,1370248.33,out/llama-bench/telemetry/sweep.tg_t2_free.b2.csv,74,tg,2,2560,8.854,0.374,11.311,11.073,10.028,20,10.798,11.173,False,False,True,238.22
sweep.tg_t4_free.b0,fda8449b13b7440ea1f4123ec3b81e04,95,Discharging,Discharging,out/llama-bench/bench_json/bench_sweep.tg_t4_free.b0.json,llama-bench,3d8291e5-728b-4b83-8098-d7c6948ce998,23000.0,tg_t4_free,False,47.8,True,311.55,313.16,energy_j_timestamped,invocation_incl_setup,40700.0,free,sweep,out/llama-bench/traces/sweep.tg_t4_free.b0.perfetto-trace,850000.0,848754.1,850000.0,850000.0,1.538,0,0,62,True,5,False,False,1364203.57,1364001.05,out/llama-bench/telemetry/sweep.tg_t4_free.b0.csv,61,tg,4,2560,8.175,2.136,14.488,13.727,10.032,20,12.105,14.241,True,False,True,202.52
sweep.tg_t4_free.b1,5d0c57894fcd48c59c103be08e2c34bc,93,Discharging,Discharging,out/llama-bench/bench_json/bench_sweep.tg_t4_free.b1.json,llama-bench,3d8291e5-728b-4b83-8098-d7c6948ce998,19000.0,tg_t4_free,False,47.9,True,275.29,268.36,energy_j_timestamped,invocation_incl_setup,41400.0,free,sweep,,850000.0,842254.5,850000.0,850000.0,1.489,0,1,56,True,5,False,False,1364924.55,1364739.72,out/llama-bench/telemetry/sweep.tg_t4_free.b1.csv,55,tg,4,2560,9.539,0.337,14.614,14.209,12.751,20,14.069,14.406,False,False,True,184.83
sweep.tg_t4_free.b2,9598300ca6f245369537141fe78d89b6,83,Discharging,Discharging,out/llama-bench/bench_json/bench_sweep.tg_t4_free.b2.json,llama-bench,3d8291e5-728b-4b83-8098-d7c6948ce998,28000.0,tg_t4_free,False,47.8,True,282.46,277.71,energy_j_timestamped,invocation_incl_setup,39900.0,free,sweep,,850000.0,850000.0,850000.0,850000.0,1.481,0,2,57,True,5,False,False,1372048.96,1371858.22,out/llama-bench/telemetry/sweep.tg_t4_free.b2.csv,56,tg,4,2560,9.218,0.79,14.509,13.946,12.048,20,13.434,14.225,False,False,True,190.74
sweep.tg_t4_mix.b0,8da538b04f804b1bbbdd5f1ab7f2ca8f,94,Discharging,Discharging,out/llama-bench/bench_json/bench_sweep.tg_t4_mix.b0.json,llama-bench,3d8291e5-728b-4b83-8098-d7c6948ce998,23000.0,tg_t4_mix,False,47.8,True,281.63,279.61,energy_j_timestamped,invocation_incl_setup,40800.0,0xC3,sweep,out/llama-bench/traces/sweep.tg_t4_mix.b0.perfetto-trace,850000.0,839755.1,850000.0,850000.0,1.513,0,0,50,True,5,False,False,1364442.81,1364256.61,out/llama-bench/telemetry/sweep.tg_t4_mix.b0.csv,49,tg,4,2560,9.156,0.929,14.988,14.641,11.048,20,13.97,14.899,True,False,True,186.2
sweep.tg_t4_mix.b1,e603273ae5dd452d8fb124764cdf31e2,94,Discharging,Discharging,out/llama-bench/bench_json/bench_sweep.tg_t4_mix.b1.json,llama-bench,3d8291e5-728b-4b83-8098-d7c6948ce998,23000.0,tg_t4_mix,False,47.9,True,296.19,291.34,energy_j_timestamped,invocation_incl_setup,42100.0,0xC3,sweep,,850000.0,847019.6,850000.0,850000.0,1.522,0,1,52,True,5,False,False,1364689.24,1364494.61,out/llama-bench/telemetry/sweep.tg_t4_mix.b1.csv,51,tg,4,2560,8.787,0.48,14.951,14.155,8.701,20,13.978,14.458,False,False,True,194.63
sweep.tg_t4_mix.b2,616a99e67ff94c4bad1230cc5da22aae,88,Discharging,Discharging,out/llama-bench/bench_json/bench_sweep.tg_t4_mix.b2.json,llama-bench,3d8291e5-728b-4b83-8098-d7c6948ce998,23000.0,tg_t4_mix,False,47.9,True,268.17,259.53,energy_j_timestamped,invocation_incl_setup,40000.0,0xC3,sweep,,850000.0,848347.8,850000.0,850000.0,1.476,0,2,47,True,5,False,False,1368710.02,1368528.32,out/llama-bench/telemetry/sweep.tg_t4_mix.b2.csv,46,tg,4,2560,9.864,0.19,14.992,14.742,10.451,20,14.652,14.841,False,False,True,181.7
sweep.tg_t6_A55.b0,5cf72101e513423193b9f4d2260c2842,99,Discharging,Discharging,out/llama-bench/bench_json/bench_sweep.tg_t6_A55.b0.json,llama-bench,3d8291e5-728b-4b83-8098-d7c6948ce998,34000.0,tg_t6_A55,False,47.9,True,313.25,311.48,energy_j_timestamped,invocation_incl_setup,39600.0,0x3F,sweep,out/llama-bench/traces/sweep.tg_t6_A55.b0.perfetto-trace,850000.0,850000.0,850000.0,850000.0,1.287,0,0,116,True,5,False,False,1361906.43,1361663.09,out/llama-bench/telemetry/sweep.tg_t6_A55.b0.csv,115,tg,6,2560,8.219,1.677,13.308,11.952,5.648,20,10.76,12.437,True,False,True,243.34
sweep.tg_t6_A55.b1,852bf37582c04fe4802b8c41c580ba38,91,Discharging,Discharging,out/llama-bench/bench_json/bench_sweep.tg_t6_A55.b1.json,llama-bench,3d8291e5-728b-4b83-8098-d7c6948ce998,45000.0,tg_t6_A55,False,47.9,True,658.79,654.58,energy_j_timestamped,invocation_incl_setup,39600.0,0x3F,sweep,,850000.0,850000.0,850000.0,850000.0,1.18,0,1,245,True,5,False,False,1366800.61,1366242.19,out/llama-bench/telemetry/sweep.tg_t6_A55.b1.csv,244,tg,6,2560,3.911,8.932,12.544,8.397,1.453,20,3.465,12.397,False,False,True,558.42
sweep.tg_t6_A55.b2,d93c342e170f4da6a269587005a3d6a2,87,Discharging,Discharging,out/llama-bench/bench_json/bench_sweep.tg_t6_A55.b2.json,llama-bench,3d8291e5-728b-4b83-8098-d7c6948ce998,15000.0,tg_t6_A55,False,47.9,True,280.6,275.44,energy_j_timestamped,invocation_incl_setup,41600.0,0x3F,sweep,,850000.0,850000.0,850000.0,850000.0,1.264,0,2,107,True,5,False,False,1369270.52,1369048.48,out/llama-bench/telemetry/sweep.tg_t6_A55.b2.csv,106,tg,6,2560,9.294,0.225,12.248,12.03,11.11,20,11.898,12.122,False,False,True,222.04
sweep.tg_t6_free.b0,944511b208174d1595108b4c093c016d,100,Discharging,Discharging,out/llama-bench/bench_json/bench_sweep.tg_t6_free.b0.json,llama-bench,3d8291e5-728b-4b83-8098-d7c6948ce998,14000.0,tg_t6_free,False,47.9,True,292.87,289.61,energy_j_timestamped,invocation_incl_setup,38900.0,free,sweep,out/llama-bench/traces/sweep.tg_t6_free.b0.perfetto-trace,850000.0,842254.5,850000.0,850000.0,1.448,0,0,56,True,5,False,False,1360573.08,1360370.8,out/llama-bench/telemetry/sweep.tg_t6_free.b0.csv,55,tg,6,2560,8.839,0.934,14.723,13.425,7.784,20,12.997,13.931,True,False,True,202.28
sweep.tg_t6_free.b1,acac1f7039384c72b8410ccebbe8a5be,90,Discharging,Discharging,out/llama-bench/bench_json/bench_sweep.tg_t6_free.b1.json,llama-bench,3d8291e5-728b-4b83-8098-d7c6948ce998,22000.0,tg_t6_free,False,47.9,True,282.56,273.89,energy_j_timestamped,invocation_incl_setup,40500.0,free,sweep,,850000.0,841480.0,850000.0,850000.0,1.505,0,1,51,True,5,False,False,1367039.09,1366851.39,out/llama-bench/telemetry/sweep.tg_t6_free.b1.csv,50,tg,6,2560,9.347,0.448,14.915,14.256,10.894,20,14.054,14.501,False,False,True,187.7
sweep.tg_t6_free.b2,366c572898e6439ba043e1121d138e00,83,Discharging,Discharging,out/llama-bench/bench_json/bench_sweep.tg_t6_free.b2.json,llama-bench,3d8291e5-728b-4b83-8098-d7c6948ce998,27000.0,tg_t6_free,False,47.8,True,295.23,287.27,energy_j_timestamped,invocation_incl_setup,40800.0,free,sweep,,850000.0,841344.8,850000.0,850000.0,1.439,0,2,59,True,5,False,False,1372304.53,1372099.4,out/llama-bench/telemetry/sweep.tg_t6_free.b2.csv,58,tg,6,2560,8.911,2.758,15.389,13.499,9.462,20,11.742,14.5,False,False,True,205.13
sweep.tg_t8_free.b0,5ea8052758c94db59c22b6f5ab027569,99,Discharging,Discharging,out/llama-bench/bench_json/bench_sweep.tg_t8_free.b0.json,llama-bench,3d8291e5-728b-4b83-8098-d7c6948ce998,25000.0,tg_t8_free,False,47.8,True,458.99,463.35,energy_j_timestamped,invocation_incl_setup,39300.0,free,sweep,out/llama-bench/traces/sweep.tg_t8_free.b0.perfetto-trace,850000.0,847121.6,850000.0,850000.0,0.968,0,0,149,True,5,False,False,1361609.89,1361135.82,out/llama-bench/telemetry/sweep.tg_t8_free.b0.csv,148,tg,8,2560,5.525,1.272,7.014,6.083,3.185,20,5.281,6.553,True,False,True,474.07
sweep.tg_t8_free.b1,c838bbea000d4bed8cdebd18e1db0fd4,89,Discharging,Discharging,out/llama-bench/bench_json/bench_sweep.tg_t8_free.b1.json,llama-bench,3d8291e5-728b-4b83-8098-d7c6948ce998,42000.0,tg_t8_free,False,47.8,True,493.76,489.61,energy_j_timestamped,invocation_incl_setup,40700.0,free,sweep,,850000.0,849013.0,850000.0,850000.0,1.005,0,1,155,True,5,False,False,1368477.83,1367986.29,out/llama-bench/telemetry/sweep.tg_t8_free.b1.csv,154,tg,8,2560,5.229,0.853,6.725,5.443,3.68,20,5.109,5.962,False,False,True,491.54
sweep.tg_t8_free.b2,5ee2512a858a4f8a9d64d933c0919821,87,Discharging,Discharging,out/llama-bench/bench_json/bench_sweep.tg_t8_free.b2.json,llama-bench,3d8291e5-728b-4b83-8098-d7c6948ce998,31000.0,tg_t8_free,False,47.9,True,624.94,623.66,energy_j_timestamped,invocation_incl_setup,40400.0,free,sweep,,850000.0,849573.0,850000.0,850000.0,1.053,0,2,179,True,5,False,False,1369914.34,1369320.97,out/llama-bench/telemetry/sweep.tg_t8_free.b2.csv,178,tg,8,2560,4.105,2.077,6.476,4.862,2.362,20,3.73,5.807,False,False,True,593.37
