boottime_s,policy0_khz,policy6_khz,thermal_zone0_mC,thermal_zone1_mC,thermal_zone10_mC,thermal_zone11_mC,thermal_zone12_mC,thermal_zone13_mC,thermal_zone14_mC,thermal_zone15_mC,thermal_zone16_mC,thermal_zone17_mC,thermal_zone18_mC,thermal_zone19_mC,thermal_zone2_mC,thermal_zone20_mC,thermal_zone21_mC,thermal_zone22_mC,thermal_zone23_mC,thermal_zone24_mC,thermal_zone25_mC,thermal_zone26_mC,thermal_zone27_mC,thermal_zone28_mC,thermal_zone29_mC,thermal_zone3_mC,thermal_zone30_mC,thermal_zone31_mC,thermal_zone32_mC,thermal_zone33_mC,thermal_zone34_mC,thermal_zone35_mC,thermal_zone36_mC,thermal_zone4_mC,thermal_zone5_mC,thermal_zone6_mC,thermal_zone7_mC,thermal_zone8_mC,thermal_zone9_mC,current_now,voltage_now,charge_counter
1368762.16,774000,850000,,,,,,,,,,,,,,,,,,,,,,,,,,,,,,,,,,,,,,151,4219,4174000
1368763.97,500000,850000,,,,,,,,,,,,,,,,,,,,,,,,,,,,,,,,,,,,,,241,4219,4174000
1368767.29,850000,850000,,,,,,,,,,,,,,,,,,,,,,,,,,,,,,,,,,,,,,306,4210,4174000
1368771.38,850000,850000,,,,,,,,,,,,,,,,,,,,,,,,,,,,,,,,,,,,,,247,4210,4174000
1368775.42,850000,850000,,,,,,,,,,,,,,,,,,,,,,,,,,,,,,,,,,,,,,229,4210,4174000
1368778.53,850000,850000,,,,,,,,,,,,,,,,,,,,,,,,,,,,,,,,,,,,,,334,4210,4174000
1368782.00,850000,850000,,,,,,,,,,,,,,,,,,,,,,,,,,,,,,,,,,,,,,287,4210,4174000
1368785.13,850000,850000,,,,,,,,,,,,,,,,,,,,,,,,,,,,,,,,,,,,,,244,4210,4174000
1368788.85,850000,850000,,,,,,,,,,,,,,,,,,,,,,,,,,,,,,,,,,,,,,235,4212,4174000
1368791.63,850000,850000,,,,,,,,,,,,,,,,,,,,,,,,,,,,,,,,,,,,,,263,4212,4174000
1368795.55,850000,850000,,,,,,,,,,,,,,,,,,,,,,,,,,,,,,,,,,,,,,238,4212,4174000
1368799.44,850000,850000,,,,,,,,,,,,,,,,,,,,,,,,,,,,,,,,,,,,,,267,4209,4174000
1368803.84,850000,850000,,,,,,,,,,,,,,,,,,,,,,,,,,,,,,,,,,,,,,266,4209,4174000
1368806.19,850000,850000,,,,,,,,,,,,,,,,,,,,,,,,,,,,,,,,,,,,,,236,4209,4174000
1368809.89,850000,850000,,,,,,,,,,,,,,,,,,,,,,,,,,,,,,,,,,,,,,234,4211,4174000
1368813.66,850000,850000,,,,,,,,,,,,,,,,,,,,,,,,,,,,,,,,,,,,,,208,4211,4174000
1368816.30,850000,850000,,,,,,,,,,,,,,,,,,,,,,,,,,,,,,,,,,,,,,224,4211,4174000
1368819.93,850000,850000,,,,,,,,,,,,,,,,,,,,,,,,,,,,,,,,,,,,,,280,4206,4174000
1368824.21,850000,850000,,,,,,,,,,,,,,,,,,,,,,,,,,,,,,,,,,,,,,222,4206,4174000
1368827.45,850000,850000,,,,,,,,,,,,,,,,,,,,,,,,,,,,,,,,,,,,,,208,4206,4174000
1368830.87,850000,850000,,,,,,,,,,,,,,,,,,,,,,,,,,,,,,,,,,,,,,316,4206,4174000
1368834.43,850000,850000,,,,,,,,,,,,,,,,,,,,,,,,,,,,,,,,,,,,,,266,4206,4174000
1368838.05,850000,850000,,,,,,,,,,,,,,,,,,,,,,,,,,,,,,,,,,,,,,289,4206,4174000
1368842.12,850000,850000,,,,,,,,,,,,,,,,,,,,,,,,,,,,,,,,,,,,,,349,4208,4174000
1368845.90,850000,850000,,,,,,,,,,,,,,,,,,,,,,,,,,,,,,,,,,,,,,209,4208,4174000
1368849.15,850000,850000,,,,,,,,,,,,,,,,,,,,,,,,,,,,,,,,,,,,,,257,4208,4174000
1368851.23,850000,850000,,,,,,,,,,,,,,,,,,,,,,,,,,,,,,,,,,,,,,229,4208,4174000
1368854.61,850000,850000,,,,,,,,,,,,,,,,,,,,,,,,,,,,,,,,,,,,,,212,4204,4162000
1368858.26,850000,850000,,,,,,,,,,,,,,,,,,,,,,,,,,,,,,,,,,,,,,228,4204,4162000
1368861.58,850000,850000,,,,,,,,,,,,,,,,,,,,,,,,,,,,,,,,,,,,,,276,4202,4162000
1368865.16,850000,850000,,,,,,,,,,,,,,,,,,,,,,,,,,,,,,,,,,,,,,218,4202,4162000
1368868.85,850000,850000,,,,,,,,,,,,,,,,,,,,,,,,,,,,,,,,,,,,,,267,4202,4162000
1368872.13,850000,850000,,,,,,,,,,,,,,,,,,,,,,,,,,,,,,,,,,,,,,260,4202,4162000
1368875.14,850000,850000,,,,,,,,,,,,,,,,,,,,,,,,,,,,,,,,,,,,,,242,4209,4162000
1368879.25,850000,850000,,,,,,,,,,,,,,,,,,,,,,,,,,,,,,,,,,,,,,271,4209,4162000
1368882.80,850000,850000,,,,,,,,,,,,,,,,,,,,,,,,,,,,,,,,,,,,,,260,4209,4162000
1368886.49,850000,850000,,,,,,,,,,,,,,,,,,,,,,,,,,,,,,,,,,,,,,267,4203,4162000
1368890.43,850000,850000,,,,,,,,,,,,,,,,,,,,,,,,,,,,,,,,,,,,,,315,4203,4162000
1368894.28,850000,850000,,,,,,,,,,,,,,,,,,,,,,,,,,,,,,,,,,,,,,244,4203,4162000
1368896.76,850000,850000,,,,,,,,,,,,,,,,,,,,,,,,,,,,,,,,,,,,,,245,4208,4162000
1368900.56,850000,850000,,,,,,,,,,,,,,,,,,,,,,,,,,,,,,,,,,,,,,254,4208,4162000
1368904.85,850000,850000,,,,,,,,,,,,,,,,,,,,,,,,,,,,,,,,,,,,,,344,4208,4162000
1368908.79,850000,850000,,,,,,,,,,,,,,,,,,,,,,,,,,,,,,,,,,,,,,244,4208,4162000
1368910.76,850000,850000,,,,,,,,,,,,,,,,,,,,,,,,,,,,,,,,,,,,,,395,4208,4162000
1368913.96,850000,850000,,,,,,,,,,,,,,,,,,,,,,,,,,,,,,,,,,,,,,224,4208,4162000
1368917.48,850000,850000,,,,,,,,,,,,,,,,,,,,,,,,,,,,,,,,,,,,,,227,4206,4162000
1368921.53,850000,850000,,,,,,,,,,,,,,,,,,,,,,,,,,,,,,,,,,,,,,238,4206,4162000
1368925.14,850000,850000,,,,,,,,,,,,,,,,,,,,,,,,,,,,,,,,,,,,,,237,4206,4162000
1368928.25,850000,850000,,,,,,,,,,,,,,,,,,,,,,,,,,,,,,,,,,,,,,218,4209,4162000
1368931.68,850000,850000,,,,,,,,,,,,,,,,,,,,,,,,,,,,,,,,,,,,,,248,4209,4162000
1368935.57,850000,850000,,,,,,,,,,,,,,,,,,,,,,,,,,,,,,,,,,,,,,201,4209,4162000
1368939.27,850000,850000,,,,,,,,,,,,,,,,,,,,,,,,,,,,,,,,,,,,,,231,4208,4162000
1368942.10,850000,850000,,,,,,,,,,,,,,,,,,,,,,,,,,,,,,,,,,,,,,219,4208,4162000
1368945.26,850000,850000,,,,,,,,,,,,,,,,,,,,,,,,,,,,,,,,,,,,,,223,4208,4162000
1368949.04,850000,850000,,,,,,,,,,,,,,,,,,,,,,,,,,,,,,,,,,,,,,283,4206,4162000
1368951.42,850000,850000,,,,,,,,,,,,,,,,,,,,,,,,,,,,,,,,,,,,,,232,4206,4162000
1368955.14,850000,850000,,,,,,,,,,,,,,,,,,,,,,,,,,,,,,,,,,,,,,281,4206,4162000
1368958.99,850000,850000,,,,,,,,,,,,,,,,,,,,,,,,,,,,,,,,,,,,,,241,4208,4162000
1368963.10,850000,850000,,,,,,,,,,,,,,,,,,,,,,,,,,,,,,,,,,,,,,265,4208,4162000
1368967.33,850000,850000,,,,,,,,,,,,,,,,,,,,,,,,,,,,,,,,,,,,,,251,4208,4162000
1368971.12,850000,850000,,,,,,,,,,,,,,,,,,,,,,,,,,,,,,,,,,,,,,308,4203,4162000
1368974.79,850000,850000,,,,,,,,,,,,,,,,,,,,,,,,,,,,,,,,,,,,,,263,4203,4162000
1368977.71,850000,850000,,,,,,,,,,,,,,,,,,,,,,,,,,,,,,,,,,,,,,243,4203,4162000
1368980.57,850000,850000,,,,,,,,,,,,,,,,,,,,,,,,,,,,,,,,,,,,,,252,4208,4162000
1368983.26,850000,850000,,,,,,,,,,,,,,,,,,,,,,,,,,,,,,,,,,,,,,253,4208,4162000
1368986.72,850000,850000,,,,,,,,,,,,,,,,,,,,,,,,,,,,,,,,,,,,,,276,4208,4162000
1368990.40,850000,850000,,,,,,,,,,,,,,,,,,,,,,,,,,,,,,,,,,,,,,245,4205,4162000
1368994.11,850000,850000,,,,,,,,,,,,,,,,,,,,,,,,,,,,,,,,,,,,,,260,4205,4162000
